{
    "prepare_queue": {
        "installed": [],
        "uninstalled": []
    },
    "config_munge": {
        "files": {
            "config.xml": {
                "parents": {
                    "/*": [
                        {
                            "xml": "<feature name=\"Geolocation\"><param name=\"ios-package\" value=\"CDVLocation\" /></feature>",
                            "count": 1
                        }
                    ]
                }
            },
            "*-Info.plist": {
                "parents": {
                    "NSLocationWhenInUseUsageDescription": [
                        {
                            "xml": "<string> </string>",
                            "count": 1
                        }
                    ]
                }
            }
        }
    },
    "installed_plugins": {
        "cordova-plugin-geolocation": {
            "GEOLOCATION_USAGE_DESCRIPTION": " ",
            "PACKAGE_NAME": "es.inaga.expedientes"
        },
        "cordova-plugin-whitelist": {
            "PACKAGE_NAME": "es.inaga.expedientes"
        },
        "cordova-plugin-compat": {
            "PACKAGE_NAME": "es.inaga.expedientes"
        }
    },
    "dependent_plugins": {},
    "modules": [
        {
            "id": "cordova-plugin-geolocation.Coordinates",
            "file": "plugins/cordova-plugin-geolocation/www/Coordinates.js",
            "pluginId": "cordova-plugin-geolocation",
            "clobbers": [
                "Coordinates"
            ]
        },
        {
            "id": "cordova-plugin-geolocation.PositionError",
            "file": "plugins/cordova-plugin-geolocation/www/PositionError.js",
            "pluginId": "cordova-plugin-geolocation",
            "clobbers": [
                "PositionError"
            ]
        },
        {
            "id": "cordova-plugin-geolocation.Position",
            "file": "plugins/cordova-plugin-geolocation/www/Position.js",
            "pluginId": "cordova-plugin-geolocation",
            "clobbers": [
                "Position"
            ]
        },
        {
            "id": "cordova-plugin-geolocation.geolocation",
            "file": "plugins/cordova-plugin-geolocation/www/geolocation.js",
            "pluginId": "cordova-plugin-geolocation",
            "clobbers": [
                "navigator.geolocation"
            ]
        }
    ],
    "plugin_metadata": {
        "cordova-plugin-geolocation": "2.4.3",
        "cordova-plugin-whitelist": "1.2.2",
        "cordova-plugin-compat": "1.2.0"
    }
}